2016/09/10 08:30:54,4,,198,ubuntu-5,,822,,914,8675,ActiveMQ-Java8
2016/09/09 19:59:52,16,,198,H11,,821,,913,8674,ActiveMQ-Java8
2016/09/09 02:00:11,6,,198,ubuntu-5,,820,,915,8676,ActiveMQ-Java8
2016/09/07 14:27:53,3,,198,jenkins-test-288,,816,,915,8669,ActiveMQ-Java8
2016/09/10 21:46:22,0,4866,48,H4,,14,4783.298,781,4914,Ambari-branch-2.5
2016/09/10 19:31:08,0,4846,48,H4,,13,4890.9634,777,4894,Ambari-branch-2.5
2016/09/10 00:15:46,0,4846,48,H7,,12,5125.655,777,4894,Ambari-branch-2.5
2016/09/09 22:27:56,0,4841,48,H7,,11,4962.387,776,4889,Ambari-branch-2.5
2016/09/09 20:46:11,4,4831,48,H7,,10,4923.6445,775,4883,Ambari-branch-2.5
2016/09/09 16:16:09,0,4835,48,H4,,9,4863.0645,775,4883,Ambari-branch-2.5
2016/09/09 00:31:11,0,4835,48,H4,,8,4816.167,775,4883,Ambari-branch-2.5
2016/09/08 19:31:09,0,4835,48,H4,,7,4856.9375,775,4883,Ambari-branch-2.5
2016/09/08 14:31:11,0,4835,48,H4,,6,4888.1963,775,4883,Ambari-branch-2.5
2016/09/08 00:04:39,0,4834,48,H4,,5,4875.321,775,4882,Ambari-branch-2.5
2016/09/07 22:16:11,0,4834,48,H7,,4,5255.508,775,4882,Ambari-branch-2.5
2016/09/07 19:01:11,0,4833,48,H4,,3,4871.1055,775,4881,Ambari-branch-2.5
2016/09/07 08:46:10,0,4833,48,H4,,2,4851.8716,775,4881,Ambari-branch-2.5
2016/09/07 02:16:06,0,4833,48,H4,,1,4804.0664,775,4881,Ambari-branch-2.5
2016/09/11 08:35:35,3,,31,ubuntu-2,,470,,1328,9162,flink-github-ci
2016/09/11 07:28:25,1,,31,H11,,469,,1328,9169,flink-github-ci
2016/09/11 02:11:02,4,,31,ubuntu-2,,468,,1328,9162,flink-github-ci
2016/09/11 00:55:10,2,,31,ubuntu-2,,467,,1328,9162,flink-github-ci
2016/09/10 22:11:34,3,,31,ubuntu-2,,466,,1328,9162,flink-github-ci
2016/09/10 09:13:19,0,,3,jenkins-test-2bc,,465,,778,5096,flink-github-ci
2016/09/10 08:40:22,0,,3,jenkins-test-5a,,464,,778,5096,flink-github-ci
2016/09/10 08:13:36,1,,3,jenkins-test-5a,,463,,778,5096,flink-github-ci
2016/09/10 07:44:42,0,,3,jenkins-test-5a,,462,,778,5096,flink-github-ci
2016/09/10 06:30:32,5,,31,ubuntu-2,,461,,1328,9163,flink-github-ci
2016/09/10 05:21:25,2,,31,ubuntu-2,,460,,1335,9185,flink-github-ci
2016/09/10 04:07:11,2,,31,ubuntu-2,,459,,1335,9186,flink-github-ci
2016/09/09 21:08:24,0,,31,ubuntu-us1,,458,,1313,9026,flink-github-ci
2016/09/09 19:55:51,0,,0,jenkins-test-563,,456,,291,2840,flink-github-ci
2016/09/09 19:48:33,0,,0,H11,,455,,291,2840,flink-github-ci
2016/09/09 19:39:53,0,,0,H11,,454,,291,2840,flink-github-ci
2016/09/09 19:05:21,0,,0,jenkins-test-d76,,453,,291,2840,flink-github-ci
2016/09/09 18:40:24,0,,0,jenkins-test-375,,452,,291,2840,flink-github-ci
2016/09/09 18:11:54,0,,3,jenkins-test-375,,451,,778,5096,flink-github-ci
2016/09/09 17:42:55,0,,3,jenkins-test-375,,450,,778,5096,flink-github-ci
2016/09/09 17:10:16,0,,3,jenkins-test-375,,449,,778,5096,flink-github-ci
2016/09/09 14:32:27,1,,31,H11,,446,,1329,9170,flink-github-ci
2016/09/09 12:27:30,100,,31,ubuntu-2,,443,,1328,9188,flink-github-ci
2016/09/09 12:17:21,0,,0,ubuntu-us1,,442,,3,8,flink-github-ci
2016/09/09 10:09:07,0,,31,ubuntu-5,,439,,1328,9166,flink-github-ci
2016/09/09 09:09:28,1,,31,ubuntu-5,,438,,1328,9166,flink-github-ci
2016/09/09 07:58:10,1,,31,ubuntu-6,,437,,1339,9208,flink-github-ci
2016/09/09 07:27:47,0,,3,jenkins-test-67c,,436,,790,5139,flink-github-ci
2016/09/09 06:56:14,0,,3,jenkins-test-67c,,435,,790,5140,flink-github-ci
2016/09/09 04:44:19,3,,32,ubuntu-2,,434,,1332,9166,flink-github-ci
2016/09/09 03:28:23,2,,31,ubuntu-2,,433,,1339,9199,flink-github-ci
2016/09/08 23:57:41,4,,3,jenkins-test-9a7,,432,,778,5096,flink-github-ci
2016/09/08 23:44:53,0,,0,jenkins-test-9a7,,431,,3,8,flink-github-ci
2016/09/08 18:29:56,0,,3,jenkins-test-85d,,429,,778,5096,flink-github-ci
2016/09/08 17:19:06,1,,31,ubuntu-us1,,428,,1330,9172,flink-github-ci
2016/09/08 16:09:17,0,,31,ubuntu-us1,,426,,1339,9198,flink-github-ci
2016/09/08 14:59:11,0,,31,ubuntu-5,,425,,1327,9166,flink-github-ci
2016/09/08 14:39:03,0,,2,ubuntu-2,,424,,755,4981,flink-github-ci
2016/09/08 13:33:26,8,,31,ubuntu-2,,422,,1339,9172,flink-github-ci
2016/09/08 12:27:45,14,,31,ubuntu-2,,421,,1339,9187,flink-github-ci
2016/09/08 11:56:31,0,,3,jenkins-test-49b,,420,,778,5096,flink-github-ci
2016/09/08 10:42:54,1,,31,ubuntu-2,,419,,1328,9159,flink-github-ci
2016/09/08 06:23:17,2,,30,ubuntu-6,,418,,1326,9073,flink-github-ci
2016/09/07 23:13:16,2,,31,ubuntu-4,,415,,1328,9159,flink-github-ci
2016/09/07 15:51:16,0,,31,H11,,414,,1329,9168,flink-github-ci
2016/09/07 14:37:52,0,,31,ubuntu-us1,,413,,1328,9168,flink-github-ci
2016/09/07 13:26:28,0,,31,H11,,412,,1329,9168,flink-github-ci
2016/09/06 23:54:54,13,,31,ubuntu-2,,406,,1135,8083,flink-github-ci
2016/09/06 12:51:56,3,,32,ubuntu-5,,403,,1332,9173,flink-github-ci
2016/09/06 11:33:07,0,,3,jenkins-test-3c8,,402,,778,5096,flink-github-ci
2016/09/06 10:35:06,0,,3,jenkins-test-3c8,,401,,779,5102,flink-github-ci
2016/09/06 08:55:20,0,,3,jenkins-test-3c8,,400,,778,5096,flink-github-ci
2016/09/06 07:53:56,0,,3,jenkins-test-3c8,,399,,779,5102,flink-github-ci
2016/09/06 06:26:20,0,,31,ubuntu-1,,398,,1174,8206,flink-github-ci
2016/09/06 04:27:05,1,,31,H11,,397,,1174,8206,flink-github-ci
2016/09/05 18:15:01,0,,3,jenkins-test-efd,,393,,778,5096,flink-github-ci
2016/09/05 14:23:23,18,,31,ubuntu-2,,391,,1125,8032,flink-github-ci
2016/09/05 12:19:37,1,,30,ubuntu-5,,390,,1326,9073,flink-github-ci
2016/09/05 10:07:26,0,,31,H10,,389,,1329,9177,flink-github-ci
2016/09/05 04:14:57,8,,31,ubuntu-2,,388,,1355,9287,flink-github-ci
2016/09/05 00:31:03,6,,32,ubuntu-2,,386,,1332,9162,flink-github-ci
2016/09/04 22:39:31,12,,32,ubuntu-2,,385,,1317,9012,flink-github-ci
2016/09/04 12:13:24,15,,31,H10,,384,,1328,9165,flink-github-ci
2016/09/03 23:15:21,0,,31,H11,,382,,1328,9166,flink-github-ci
2016/09/03 20:55:51,8,,31,ubuntu-2,,381,,1328,9150,flink-github-ci
2016/09/03 15:42:20,8,,31,ubuntu-2,,380,,1329,9157,flink-github-ci
2016/09/03 09:28:37,5,,31,H10,,379,,1328,9167,flink-github-ci
2016/09/03 05:14:51,0,,3,jenkins-test-951,,378,,778,5096,flink-github-ci
2016/09/03 04:11:36,0,,3,jenkins-test-a11,,377,,778,5096,flink-github-ci
2016/09/03 02:24:19,6,,31,ubuntu-2,,376,,1328,9152,flink-github-ci
2016/09/03 01:56:11,0,,0,ubuntu-2,,375,,291,2839,flink-github-ci
2016/09/03 00:12:46,9,,31,ubuntu-2,,373,,1328,9149,flink-github-ci
2016/09/02 22:46:09,0,,31,H10,,371,,1106,7975,flink-github-ci
2016/09/02 20:34:21,1,,31,ubuntu-4,,370,,1328,9166,flink-github-ci
2016/09/02 18:23:01,14,,31,ubuntu-2,,367,,1328,9154,flink-github-ci
2016/09/02 16:27:35,6,,31,ubuntu-4,,366,,1319,9126,flink-github-ci
2016/09/02 13:56:44,7,,31,ubuntu-4,,363,,1319,9129,flink-github-ci
2016/09/02 08:52:01,0,,31,ubuntu-us1,,361,,1329,9169,flink-github-ci
2016/09/02 04:45:24,0,,3,jenkins-test-c67,,359,,779,5101,flink-github-ci
2016/09/02 01:23:49,0,,3,ubuntu-2,,358,,779,5101,flink-github-ci
2016/09/02 00:54:35,0,,3,jenkins-test-f50,,357,,779,5101,flink-github-ci
2016/09/02 00:35:23,0,,1,jenkins-test-f50,,355,,647,4545,flink-github-ci
2016/09/02 00:16:22,0,,1,ubuntu-us1,,354,,647,4545,flink-github-ci
2016/09/01 23:04:46,0,,31,ubuntu-us1,,353,,1329,9169,flink-github-ci
2016/09/01 21:51:08,0,,31,ubuntu-us1,,352,,1329,9169,flink-github-ci
2016/09/01 20:23:58,0,,3,jenkins-test-f50,,350,,779,5101,flink-github-ci
2016/09/01 16:38:48,1,,3,ubuntu-2,,349,,779,5101,flink-github-ci
2016/09/01 15:22:23,12,,31,ubuntu-2,,345,,1319,9106,flink-github-ci
2016/09/01 14:04:15,14,,31,ubuntu-2,,344,,1319,9103,flink-github-ci
2016/09/01 12:53:44,17,,31,ubuntu-2,,343,,1346,9267,flink-github-ci
2016/09/01 11:09:50,1,,31,ubuntu-4,,342,,1319,9130,flink-github-ci
2016/09/01 07:16:02,0,,3,ubuntu-2,,341,,779,5101,flink-github-ci
2016/09/01 06:46:12,1,,3,jenkins-test-8ce,,340,,779,5101,flink-github-ci
2016/09/01 04:29:57,0,,31,ubuntu-us1,,339,,1329,9169,flink-github-ci
2016/09/01 01:08:04,0,,3,ubuntu-2,,336,,779,5101,flink-github-ci
2016/09/01 00:02:53,14,,31,ubuntu-2,,335,,1319,9131,flink-github-ci
2016/08/31 22:57:54,9,,31,ubuntu-2,,332,,1319,9117,flink-github-ci
2016/08/31 22:15:12,0,,3,jenkins-test-fd0,,330,,779,5101,flink-github-ci
2016/08/31 20:51:52,0,,31,H11,,328,,1319,9132,flink-github-ci
2016/08/31 19:55:45,0,,31,H11,,327,,1319,9133,flink-github-ci
2016/08/31 18:50:05,1,,30,H11,,326,,1318,9132,flink-github-ci
2016/08/31 18:15:08,0,,3,jenkins-test-cc5,,325,,790,5139,flink-github-ci
2016/08/31 14:52:49,0,,3,ubuntu-2,,324,,778,5094,flink-github-ci
2016/08/31 13:48:10,14,,30,ubuntu-2,,321,,1325,9025,flink-github-ci
2016/08/31 10:27:13,0,,3,ubuntu-2,,320,,789,5122,flink-github-ci
2016/08/31 09:40:01,0,,2,ubuntu-2,,318,,771,5011,flink-github-ci
2016/08/31 08:35:49,0,,3,jenkins-test-b62,,317,,789,5138,flink-github-ci
2016/08/31 08:07:30,0,,3,jenkins-test-b62,,316,,778,5094,flink-github-ci
2016/08/31 07:37:22,0,,3,jenkins-test-b62,,315,,789,5122,flink-github-ci
2016/08/31 07:09:23,0,,3,jenkins-test-914,,314,,789,5122,flink-github-ci
2016/08/31 03:47:51,0,,3,ubuntu-2,,313,,789,5122,flink-github-ci
2016/08/30 22:55:38,0,,3,jenkins-test-8d5,,312,,780,5098,flink-github-ci
2016/08/30 22:18:06,0,,3,jenkins-test-8d5,,309,,780,5142,flink-github-ci
2016/08/30 21:09:09,0,,30,H11,,307,,1317,9132,flink-github-ci
2016/08/30 20:18:03,1,,3,jenkins-test-914,,304,,779,5101,flink-github-ci
2016/08/30 19:22:18,0,,3,jenkins-test-914,,303,,789,5122,flink-github-ci
2016/08/30 17:42:59,4,,30,ubuntu-4,,302,,1317,9132,flink-github-ci
2016/08/30 16:31:22,10,,30,ubuntu-2,,301,,1317,9127,flink-github-ci
2016/08/30 15:17:03,1,,30,ubuntu-2,,300,,1324,9053,flink-github-ci
2016/08/30 11:55:13,0,,3,ubuntu-2,,298,,780,5144,flink-github-ci
2016/08/30 10:25:42,5,,30,ubuntu-4,,297,,1311,9066,flink-github-ci
2016/08/30 10:10:22,0,,1,H11,,296,,645,4534,flink-github-ci
2016/08/30 09:06:34,4,,30,H11,,295,,1309,9018,flink-github-ci
2016/08/30 05:32:24,0,,3,ubuntu-2,,293,,778,5094,flink-github-ci
2016/08/30 02:10:58,0,,3,ubuntu-2,,291,,778,5094,flink-github-ci
2016/08/29 22:49:36,1,,3,ubuntu-2,,289,,789,5125,flink-github-ci
2016/08/29 21:25:10,12,,30,ubuntu-2,,288,,1310,9008,flink-github-ci
2016/08/29 20:22:10,0,,30,ubuntu-1,,286,,1309,9016,flink-github-ci
2016/08/29 16:54:53,0,,3,ubuntu-2,,285,,779,5101,flink-github-ci
2016/08/29 15:45:45,27,,30,ubuntu-2,,284,,1318,9014,flink-github-ci
2016/08/29 12:25:12,0,,3,ubuntu-2,,283,,779,5101,flink-github-ci
2016/08/29 11:14:18,16,,30,ubuntu-2,,282,,1318,9045,flink-github-ci
2016/08/28 23:03:37,14,,31,ubuntu-2,,281,,1322,9005,flink-github-ci
2016/08/28 21:35:24,19,,30,ubuntu-2,,280,,1322,9020,flink-github-ci
2016/08/28 19:48:58,38,,30,ubuntu-2,,279,,1318,9034,flink-github-ci
2016/08/28 15:24:31,15,,30,ubuntu-2,,278,,1318,8996,flink-github-ci
2016/08/28 14:05:50,12,,30,ubuntu-2,,277,,1318,9013,flink-github-ci
2016/08/28 09:49:07,1,,3,ubuntu-2,,276,,779,5101,flink-github-ci
2016/08/28 00:30:34,7,,30,ubuntu-2,,275,,1318,9041,flink-github-ci
2016/08/27 15:40:49,3,,30,ubuntu-2,,274,,1318,9019,flink-github-ci
2016/08/27 12:20:23,1,,3,ubuntu-2,,273,,779,5101,flink-github-ci
2016/08/27 10:15:16,0,,3,jenkins-test-809,,272,,779,5101,flink-github-ci
2016/08/27 09:43:36,0,,3,jenkins-test-2ad,,271,,789,5122,flink-github-ci
2016/08/27 08:15:27,7,,30,ubuntu-2,,270,,1318,9021,flink-github-ci
2016/08/27 04:54:26,5,,30,ubuntu-2,,269,,1325,9067,flink-github-ci
2016/08/27 02:52:28,0,,30,H11,,268,,1318,9040,flink-github-ci
2016/08/26 23:39:00,0,,3,jenkins-test-340,,267,,779,5101,flink-github-ci
2016/08/26 23:10:32,0,,3,jenkins-test-cf,,266,,779,5101,flink-github-ci
2016/08/26 22:41:59,0,,3,jenkins-test-cf,,265,,780,5106,flink-github-ci
2016/08/26 22:12:10,0,,3,jenkins-test-cf,,264,,779,5101,flink-github-ci
2016/08/26 21:44:04,0,,3,jenkins-test-340,,263,,779,5101,flink-github-ci
2016/08/26 20:41:17,2,,30,H10,,262,,1318,9040,flink-github-ci
2016/08/26 17:20:28,2,,30,H10,,261,,1159,8179,flink-github-ci
2016/08/26 16:24:52,5,,30,H10,,260,,1318,9039,flink-github-ci
2016/08/26 16:10:52,0,,0,jenkins-test-c80,,259,,291,2839,flink-github-ci
2016/08/26 14:56:39,5,,30,ubuntu-2,,258,,1318,9036,flink-github-ci
2016/08/26 13:42:11,4,,30,ubuntu-2,,257,,1318,9010,flink-github-ci
2016/08/26 12:44:56,1,,30,ubuntu-1,,256,,1317,9038,flink-github-ci
2016/08/26 10:12:51,1,,30,ubuntu-1,,255,,1318,9038,flink-github-ci
2016/08/26 08:30:05,0,,30,H10,,254,,1315,9032,flink-github-ci
2016/08/26 04:06:37,9,,30,ubuntu-2,,253,,1317,9038,flink-github-ci
2016/08/26 02:55:48,11,,30,ubuntu-2,,252,,1317,9032,flink-github-ci
2016/08/25 23:35:03,0,,3,ubuntu-4,,251,,779,5100,flink-github-ci
2016/08/25 22:43:06,1,,30,ubuntu-5,,250,,1315,9032,flink-github-ci
2016/08/25 21:39:22,2,,30,H11,,249,,1318,9038,flink-github-ci
2016/08/25 20:40:37,1,,30,H11,,248,,1315,9032,flink-github-ci
2016/08/25 19:51:09,0,,30,ubuntu-1,,247,,1315,9032,flink-github-ci
2016/08/25 18:42:00,8,,30,ubuntu-2,,246,,1315,9031,flink-github-ci
2016/08/25 17:32:29,6,,30,ubuntu-2,,245,,1315,9031,flink-github-ci
2016/08/25 16:25:31,5,,30,ubuntu-2,,244,,1315,9030,flink-github-ci
2016/08/25 15:16:35,17,,30,ubuntu-2,,243,,1323,9034,flink-github-ci
2016/08/25 13:18:35,0,,30,H11,,241,,1313,9009,flink-github-ci
2016/08/25 12:13:37,3,,21,ubuntu-2,,240,,1296,8867,flink-github-ci
2016/08/25 11:02:46,3,,30,ubuntu-2,,239,,1316,9017,flink-github-ci
2016/08/25 09:53:46,5,,21,ubuntu-2,,238,,1296,8845,flink-github-ci
2016/08/25 08:51:38,0,,2,jenkins-test-a8c,,237,,761,4991,flink-github-ci
2016/08/25 07:14:14,0,,3,jenkins-test-402,,236,,777,5073,flink-github-ci
2016/08/25 06:24:33,0,,3,jenkins-test-371,,235,,779,5123,flink-github-ci
2016/08/25 05:17:28,7,,30,ubuntu-2,,234,,1314,9022,flink-github-ci
2016/08/25 04:18:31,3,,30,ubuntu-2,,233,,1304,8954,flink-github-ci
2016/08/25 00:58:06,0,,3,ubuntu-2,,232,,777,5073,flink-github-ci
2016/08/24 23:49:06,8,,30,ubuntu-2,,231,,1314,9042,flink-github-ci
2016/08/24 22:43:42,6,,30,ubuntu-2,,230,,1311,9003,flink-github-ci
2016/08/24 19:23:22,0,,3,ubuntu-2,,229,,776,5072,flink-github-ci
2016/08/24 16:02:31,12,,3,ubuntu-2,,227,,776,5072,flink-github-ci
2016/08/24 14:54:26,2,,30,ubuntu-2,,226,,1310,8995,flink-github-ci
2016/08/24 13:50:12,2,,30,ubuntu-2,,225,,1310,9006,flink-github-ci
2016/08/24 12:44:37,0,,30,ubuntu-2,,224,,1310,8995,flink-github-ci
2016/08/24 11:37:47,0,,30,H11,,223,,1312,9010,flink-github-ci
2016/08/24 09:57:07,0,,3,jenkins-test-1b1,,222,,774,5066,flink-github-ci
2016/08/24 06:12:30,170,,0,ubuntu-us1,,219,,291,2838,flink-github-ci
2016/08/24 05:06:11,5,,30,ubuntu-2,,218,,1308,8985,flink-github-ci
2016/08/24 03:47:28,1,,12,H11,,216,,978,6696,flink-github-ci
2016/08/24 02:23:10,170,,0,ubuntu-us1,,215,,287,2806,flink-github-ci
2016/08/24 02:12:43,170,,0,ubuntu-us1,,214,,287,2806,flink-github-ci
2016/08/24 02:06:03,170,,0,ubuntu-us1,,213,,287,2806,flink-github-ci
2016/08/24 01:58:13,170,,0,ubuntu-us1,,212,,287,2806,flink-github-ci
2016/08/24 01:46:16,170,,0,ubuntu-us1,,211,,287,2806,flink-github-ci
2016/08/24 00:43:09,0,,30,H11,,210,,1308,8985,flink-github-ci
2016/08/23 23:37:28,0,,30,ubuntu-2,,209,,1308,8985,flink-github-ci
2016/08/23 22:28:24,4,,30,ubuntu-2,,208,,1312,9007,flink-github-ci
2016/08/23 21:23:06,2,,30,ubuntu-2,,207,,1308,8986,flink-github-ci
2016/08/23 18:02:35,1,,2,ubuntu-2,,206,,759,4986,flink-github-ci
2016/08/23 08:44:34,1,,30,H10,,205,,1308,8984,flink-github-ci
2016/08/23 04:50:26,0,,0,ubuntu-2,,204,,291,2844,flink-github-ci
2016/08/23 04:38:06,0,,0,ubuntu-2,,203,,291,2844,flink-github-ci
2016/08/22 22:48:38,0,,3,jenkins-test-175,,201,,774,5062,flink-github-ci
2016/08/22 19:54:39,0,,0,H11,,197,,287,2811,flink-github-ci
2016/08/22 18:51:58,9,,30,H11,,196,,1308,8984,flink-github-ci
2016/08/22 16:43:02,0,,30,H10,,195,,1309,8990,flink-github-ci
2016/08/22 15:14:10,0,,30,ubuntu-1,,194,,1308,8984,flink-github-ci
2016/08/22 11:55:15,2,,21,ubuntu-2,,193,,1294,8859,flink-github-ci
2016/08/22 10:42:04,5,,30,ubuntu-2,,192,,1307,8988,flink-github-ci
2016/08/22 10:09:43,0,,3,jenkins-test-1e0,,191,,773,5064,flink-github-ci
2016/08/22 08:20:29,1,,30,ubuntu-2,,190,,1307,8987,flink-github-ci
2016/08/22 04:35:32,1,,21,ubuntu-2,,186,,1294,8859,flink-github-ci
2016/08/21 17:20:55,0,,30,ubuntu-2,,184,,1309,8986,flink-github-ci
2016/08/21 16:19:26,0,,30,ubuntu-2,,183,,1307,8984,flink-github-ci
2016/08/21 10:49:47,0,,30,ubuntu-2,,182,,1307,8984,flink-github-ci
2016/08/20 01:30:09,0,,0,jenkins-test-e58,,180,,291,2844,flink-github-ci
2016/08/20 00:34:41,1,,30,H11,,179,,1307,8982,flink-github-ci
2016/08/19 21:14:15,20,,3,ubuntu-us1,,178,,773,5068,flink-github-ci
2016/08/19 20:26:27,0,,3,jenkins-test-58e,,176,,773,5064,flink-github-ci
2016/08/19 19:22:41,3,,30,ubuntu-2,,175,,1308,8989,flink-github-ci
2016/08/19 18:52:53,0,,3,jenkins-test-557,,174,,773,5064,flink-github-ci
2016/08/19 17:50:18,7,,30,ubuntu-2,,173,,1306,8977,flink-github-ci
2016/08/19 15:47:47,0,,30,ubuntu-2,,171,,1306,8975,flink-github-ci
2016/08/19 13:51:42,0,,21,H10,,167,,1294,8859,flink-github-ci
2016/08/19 13:12:31,0,,3,jenkins-test-86,,166,,772,5054,flink-github-ci
2016/08/19 10:20:51,3,,29,ubuntu-5,,165,,1304,8971,flink-github-ci
2016/08/19 05:11:47,2,,29,ubuntu-2,,164,,1306,8976,flink-github-ci
2016/08/19 02:53:38,0,,29,ubuntu-2,,163,,1304,8970,flink-github-ci
2016/08/19 00:45:38,0,,29,ubuntu-2,,162,,1306,8976,flink-github-ci
2016/08/18 21:21:07,1,,20,ubuntu-2,,161,,1098,7854,flink-github-ci
2016/08/18 17:57:28,9,,29,ubuntu-us1,,160,,1135,8067,flink-github-ci
2016/08/18 16:55:51,1,,3,jenkins-test-6de,,159,,772,5052,flink-github-ci
2016/08/18 14:37:16,13,,29,ubuntu-2,,158,,1305,8967,flink-github-ci
2016/08/18 13:15:43,2,,21,ubuntu-2,,157,,1294,8858,flink-github-ci
2016/08/18 11:51:36,1,,29,ubuntu-2,,156,,1307,8975,flink-github-ci
2016/08/18 09:19:18,12,,29,ubuntu-us1,,155,,1305,8984,flink-github-ci
2016/08/18 06:52:12,33,,29,ubuntu-us1,,154,,1305,8985,flink-github-ci
2016/08/18 02:37:18,2,,29,H11,,153,,1305,8969,flink-github-ci
2016/08/17 21:48:43,1,,29,ubuntu-2,,150,,1305,8967,flink-github-ci
2016/08/17 20:47:07,2,,29,ubuntu-2,,149,,1305,8968,flink-github-ci
2016/08/17 19:20:27,0,,21,H11,,147,,1294,8860,flink-github-ci
2016/08/17 18:08:24,1,,29,ubuntu-6,,146,,1301,8973,flink-github-ci
2016/08/17 16:36:14,8,,30,ubuntu-4,,145,,1302,8970,flink-github-ci
2016/08/17 15:27:32,1,,30,ubuntu-2,,144,,1302,8974,flink-github-ci
2016/08/17 14:26:40,0,,31,ubuntu-2,,143,,1302,8973,flink-github-ci
2016/08/17 13:04:52,0,,21,H10,,142,,1294,8858,flink-github-ci
2016/08/17 11:58:50,0,,30,ubuntu-6,,141,,1301,8972,flink-github-ci
2016/08/17 11:45:28,0,,0,ubuntu-2,,140,,291,2844,flink-github-ci
2016/08/17 10:04:45,2,,21,H11,,139,,1294,8858,flink-github-ci
2016/08/17 09:06:49,1,,30,H11,,138,,1301,8975,flink-github-ci
2016/08/16 23:31:04,0,,30,ubuntu-2,,137,,1120,8035,flink-github-ci
2016/08/16 17:54:08,1,,30,ubuntu-5,,136,,1305,8967,flink-github-ci
2016/08/16 16:58:26,3,,36,ubuntu-2,,135,,1302,8951,flink-github-ci
2016/08/16 15:09:18,0,,21,ubuntu-2,,134,,1295,8859,flink-github-ci
2016/08/16 14:11:29,6,,30,ubuntu-2,,133,,1304,8966,flink-github-ci
2016/08/16 12:38:48,0,,30,ubuntu-2,,132,,1300,8970,flink-github-ci
2016/08/16 11:41:15,1,,30,ubuntu-2,,131,,1300,8969,flink-github-ci
2016/08/16 10:40:08,1,,21,ubuntu-2,,130,,1295,8859,flink-github-ci
2016/08/16 09:39:20,2,,21,ubuntu-2,,129,,1293,8858,flink-github-ci
2016/08/16 09:15:08,0,,2,jenkins-test-f81,,128,,757,4976,flink-github-ci
2016/08/16 08:47:14,0,,4,jenkins-test-f81,,127,,767,5051,flink-github-ci
2016/08/16 07:47:01,7,,30,ubuntu-2,,126,,1300,8970,flink-github-ci
2016/08/16 07:16:10,0,,4,jenkins-test-19d,,125,,767,5051,flink-github-ci
2016/08/16 06:21:39,4,,30,H11,,124,,1300,8969,flink-github-ci
2016/08/16 05:26:12,2,,30,ubuntu-2,,123,,1302,8976,flink-github-ci
2016/08/16 04:28:14,2,,21,ubuntu-2,,122,,1292,8855,flink-github-ci
2016/08/16 01:08:00,0,,0,H11,,121,,291,2844,flink-github-ci
2016/08/15 21:47:35,0,,0,H11,,120,,291,2844,flink-github-ci
2016/08/15 18:26:53,0,,0,H11,,119,,291,2844,flink-github-ci
2016/08/15 17:27:09,1,,30,H11,,118,,1300,8968,flink-github-ci
2016/08/15 16:10:36,3,,30,ubuntu-2,,117,,1300,8968,flink-github-ci
2016/08/15 14:41:05,0,,30,ubuntu-2,,116,,1300,8968,flink-github-ci
2016/08/15 13:35:23,0,,21,ubuntu-2,,115,,1293,8857,flink-github-ci
2016/08/15 12:39:38,0,,22,ubuntu-2,,114,,1299,8945,flink-github-ci
2016/08/15 11:46:58,2,,22,ubuntu-2,,113,,1299,8945,flink-github-ci
2016/08/15 10:47:22,0,,22,H11,,112,,1299,8945,flink-github-ci
2016/08/15 09:48:53,1,,22,ubuntu-5,,111,,1299,8947,flink-github-ci
2016/08/15 08:23:37,19,,21,ubuntu-2,,110,,1299,8945,flink-github-ci
2016/08/15 07:30:23,6,,21,ubuntu-2,,109,,1299,8939,flink-github-ci
2016/08/15 06:00:57,4,,21,ubuntu-2,,108,,1299,8944,flink-github-ci
2016/08/15 03:04:25,2,,21,ubuntu-2,,107,,1293,8833,flink-github-ci
2016/08/14 21:10:15,10,,21,ubuntu-2,,106,,1109,7965,flink-github-ci
2016/08/14 20:14:35,5,,21,ubuntu-2,,105,,1299,8945,flink-github-ci
2016/08/14 19:18:21,12,,21,ubuntu-2,,104,,1303,8949,flink-github-ci
2016/08/14 18:19:58,8,,21,ubuntu-2,,103,,1299,8920,flink-github-ci
2016/08/14 17:12:50,12,,21,ubuntu-2,,102,,1303,8944,flink-github-ci
2016/08/14 00:51:03,23,,21,ubuntu-2,,101,,1299,8915,flink-github-ci
2016/08/13 18:35:10,0,,3,ubuntu-2,,100,,767,5051,flink-github-ci
2016/08/13 07:58:23,0,,3,ubuntu-2,,99,,767,5056,flink-github-ci
2016/08/13 04:38:10,0,,3,ubuntu-2,,98,,767,5051,flink-github-ci
2016/08/13 01:17:56,10,,3,ubuntu-2,,97,,771,5048,flink-github-ci
2016/08/12 21:57:36,0,,3,ubuntu-2,,96,,767,5054,flink-github-ci
2016/08/12 21:07:45,2,,21,ubuntu-2,,95,,1291,8854,flink-github-ci
2016/08/12 20:19:29,2,,21,ubuntu-2,,94,,1299,8937,flink-github-ci
2016/08/12 19:43:18,5,,21,ubuntu-2,,93,,1129,8036,flink-github-ci
2016/08/12 18:56:06,0,,21,ubuntu-1,,92,,1299,8945,flink-github-ci
2016/08/12 17:46:55,2,,21,ubuntu-6,,91,,1308,8969,flink-github-ci
2016/08/12 16:51:56,2,,21,ubuntu-2,,90,,1299,8929,flink-github-ci
2016/08/12 13:31:45,0,,3,ubuntu-2,,89,,767,5051,flink-github-ci
2016/08/12 13:28:55,0,,0,ubuntu-2,,88,,2,7,flink-github-ci
2016/08/12 12:54:03,0,,21,ubuntu-2,,87,,1119,8009,flink-github-ci
2016/09/08 19:20:43,0,,6,ubuntu-us1,,204,,167,1077,Flume-trunk-hbase-1
2016/09/01 05:45:11,20,,6,jenkins-test-8ce,,203,,166,1062,Flume-trunk-hbase-1
2016/09/01 04:04:27,1,,6,ubuntu-1,,202,,155,1007,Flume-trunk-hbase-1
2016/08/30 01:51:21,2,,6,ubuntu-5,,201,,167,1069,Flume-trunk-hbase-1
2016/08/29 21:35:47,20,,4,jenkins-test-9e1,,200,,143,931,Flume-trunk-hbase-1
2016/08/26 02:04:19,24,,6,ubuntu-2,,199,,153,991,Flume-trunk-hbase-1
2016/08/22 23:19:17,2,,6,ubuntu-1,,198,,167,1064,Flume-trunk-hbase-1
2016/08/21 21:49:18,8,,6,ubuntu-1,,197,,167,1064,Flume-trunk-hbase-1
2016/08/18 00:54:48,8,,6,ubuntu-1,,196,,157,1033,Flume-trunk-hbase-1
2016/08/17 20:11:24,26,,6,jenkins-test-a44,,195,,166,1058,Flume-trunk-hbase-1
2016/08/10 01:04:37,1,,6,H10,,193,,167,1062,Flume-trunk-hbase-1
2016/08/09 04:07:52,21,,6,ubuntu-4,,192,,162,1034,Flume-trunk-hbase-1
2016/08/05 23:02:46,0,,6,ubuntu3,,191,,167,1062,Flume-trunk-hbase-1
2016/07/30 00:34:18,0,,6,ubuntu3,,190,,167,1062,Flume-trunk-hbase-1
2016/07/21 03:02:54,0,,6,jenkins-test-a83,,184,,167,1062,Flume-trunk-hbase-1
2016/07/20 21:37:36,1,,6,ubuntu3,,183,,167,1062,Flume-trunk-hbase-1
2016/07/20 07:09:57,0,,6,ubuntu3,,182,,167,1061,Flume-trunk-hbase-1
2016/07/14 03:19:54,0,,6,ubuntu3,,180,,167,1058,Flume-trunk-hbase-1
2016/07/13 22:04:51,19,,6,jenkins-test-9b4,,179,,165,1045,Flume-trunk-hbase-1
2016/07/11 01:04:44,19,,6,ubuntu3,,176,,155,995,Flume-trunk-hbase-1
2016/07/10 01:48:49,1,,6,ubuntu-2,,175,,167,1052,Flume-trunk-hbase-1
2016/09/12 04:12:51,0,2569,0,ubuntu-us1,,876,2448.5264,308,2569,kafka-trunk-jdk8
2016/09/11 10:12:51,0,2560,0,ubuntu-us1,,875,2318.4048,307,2560,kafka-trunk-jdk8
2016/09/10 10:15:35,1,2559,0,ubuntu-6,,874,3620.5525,307,2560,kafka-trunk-jdk8
2016/09/09 23:21:52,0,832,0,ubuntu-2,,873,7753.494,133,832,kafka-trunk-jdk8
2016/09/09 16:31:55,0,832,0,ubuntu-6,,872,3620.2268,133,832,kafka-trunk-jdk8
2016/09/09 05:20:30,1,831,0,H11,,871,4652.2305,133,832,kafka-trunk-jdk8
2016/09/08 20:21:28,0,832,0,jenkins-test-1be,,870,1889.9618,133,832,kafka-trunk-jdk8
2016/09/08 19:12:32,0,1815,0,ubuntu-1,,869,1694.3127,191,1815,kafka-trunk-jdk8
2016/09/08 03:12:34,0,832,0,H11,,868,5193.7314,133,832,kafka-trunk-jdk8
2016/09/08 01:12:32,1,831,0,ubuntu-us1,,867,2528.3677,133,832,kafka-trunk-jdk8
2016/09/07 08:12:32,0,1814,0,ubuntu-us1,,865,1938.3811,191,1814,kafka-trunk-jdk8
2016/09/12 00:54:27,2,12253,263,lucene,,1389,19043.367,1873,12518,Lucene-Solr-Tests-master
2016/09/11 02:01:11,1,12251,265,lucene,,1388,18823.363,1873,12517,Lucene-Solr-Tests-master
2016/09/10 02:17:39,1,12250,265,lucene,,1387,18871.262,1872,12516,Lucene-Solr-Tests-master
2016/09/08 14:37:27,0,12254,261,lucene,,1386,18700.299,1872,12515,Lucene-Solr-Tests-master
2016/09/07 12:13:44,3,12249,262,lucene,,1385,18453.406,1872,12514,Lucene-Solr-Tests-master
2016/09/02 06:17:04,0,12251,263,lucene,,1384,12700.949,1872,12514,Lucene-Solr-Tests-master
2016/09/01 17:39:13,2,12244,266,lucene,,1383,13123.129,1872,12512,Lucene-Solr-Tests-master
2016/09/01 04:07:18,1,12246,265,lucene,,1382,13303.449,1872,12512,Lucene-Solr-Tests-master
2016/08/31 04:10:08,0,12209,263,lucene,,1381,13597.835,1872,12472,Lucene-Solr-Tests-master
2016/08/30 03:31:08,0,12204,268,lucene,,1380,12653.354,1872,12472,Lucene-Solr-Tests-master
2016/08/29 21:47:46,1,12206,265,lucene,,1379,12899.388,1872,12472,Lucene-Solr-Tests-master
2016/08/27 07:50:58,1,12206,265,lucene,,1378,12119.403,1872,12472,Lucene-Solr-Tests-master
2016/08/26 05:30:30,0,12203,266,lucene,,1377,11869.839,1872,12469,Lucene-Solr-Tests-master
2016/08/25 17:23:49,1,12346,269,lucene,,1376,12197.96,1874,12616,Lucene-Solr-Tests-master
2016/08/25 02:05:33,0,12347,267,lucene,,1375,12387.59,1874,12614,Lucene-Solr-Tests-master
2016/08/24 01:26:42,0,12344,270,lucene,,1374,11637.682,1874,12614,Lucene-Solr-Tests-master
2016/08/22 10:33:47,2,12364,268,lucene,,1373,10785.171,1874,12634,Lucene-Solr-Tests-master
2016/08/21 15:13:36,1,12360,272,lucene,,1372,10717.211,1873,12633,Lucene-Solr-Tests-master
2016/08/21 03:06:27,1,12364,268,lucene,,1371,10997.625,1873,12633,Lucene-Solr-Tests-master
2016/08/20 10:36:48,0,12363,269,lucene,,1370,10054.557,1873,12632,Lucene-Solr-Tests-master
2016/08/20 02:41:23,1,12361,270,lucene,,1369,10708.975,1873,12632,Lucene-Solr-Tests-master
2016/08/20 00:09:13,2,12360,270,lucene,,1368,10795.097,1873,12632,Lucene-Solr-Tests-master
2016/08/19 21:04:15,1,12362,269,lucene,,1367,11039.158,1873,12632,Lucene-Solr-Tests-master
2016/08/19 17:08:14,1,12362,269,lucene,,1366,11047.65,1873,12632,Lucene-Solr-Tests-master
2016/08/19 14:24:05,0,12361,269,lucene,,1365,10500.916,1873,12630,Lucene-Solr-Tests-master
2016/08/18 23:21:45,0,12359,271,lucene,,1363,10898.763,1873,12630,Lucene-Solr-Tests-master
2016/08/18 17:37:27,0,12364,266,lucene,,1362,11178.945,1873,12630,Lucene-Solr-Tests-master
2016/08/18 08:32:07,0,8734,162,lucene,,1361,3590.884,1095,8896,Lucene-Solr-Tests-master
2016/08/17 06:24:18,0,12356,267,lucene,,1360,10958.058,1866,12623,Lucene-Solr-Tests-master
2016/08/16 11:25:57,0,12357,266,lucene,,1359,11268.486,1866,12623,Lucene-Solr-Tests-master
2016/08/15 22:28:21,1,12356,266,lucene,,1358,12037.858,1866,12623,Lucene-Solr-Tests-master
2016/08/15 16:48:04,0,12357,266,lucene,,1357,10085.427,1866,12623,Lucene-Solr-Tests-master
2016/08/15 13:17:10,0,12358,265,lucene,,1356,9981.646,1866,12623,Lucene-Solr-Tests-master
2016/08/11 02:53:52,0,12358,262,lucene,,1339,8962.174,1864,12620,Lucene-Solr-Tests-master
2016/08/10 22:16:00,1,12355,264,lucene,,1338,9384.501,1864,12620,Lucene-Solr-Tests-master
2016/08/10 08:43:13,0,12358,262,lucene,,1337,8482.938,1864,12620,Lucene-Solr-Tests-master
2016/08/09 16:00:49,0,12355,262,lucene,,1336,9005.939,1864,12617,Lucene-Solr-Tests-master
2016/08/09 02:45:32,2,12348,265,lucene,,1335,8635.135,1864,12615,Lucene-Solr-Tests-master
2016/08/09 00:22:13,1,12351,262,lucene,,1334,8341.575,1864,12614,Lucene-Solr-Tests-master
2016/08/08 21:55:24,2,12341,271,lucene,,1333,7796.148,1864,12614,Lucene-Solr-Tests-master
2016/08/08 18:20:19,3,11821,793,lucene,,1332,6443.474,1864,12617,Lucene-Solr-Tests-master
2016/08/08 08:41:15,0,12348,266,lucene,,1331,8640.181,1864,12614,Lucene-Solr-Tests-master
2016/08/08 02:29:14,1,12344,266,lucene,,1330,8194.48,1863,12611,Lucene-Solr-Tests-master
2016/08/08 00:08:57,2,12345,264,lucene,,1329,8422.97,1863,12611,Lucene-Solr-Tests-master
2016/08/07 21:33:54,0,12347,264,lucene,,1328,8193.55,1863,12611,Lucene-Solr-Tests-master
2016/08/07 17:37:28,0,12347,264,lucene,,1327,7858.5576,1863,12611,Lucene-Solr-Tests-master
2016/08/07 09:19:46,0,12348,263,lucene,,1326,8946.022,1863,12611,Lucene-Solr-Tests-master
2016/08/07 02:45:58,0,12348,263,lucene,,1325,7939.78,1863,12611,Lucene-Solr-Tests-master
2016/08/07 00:23:22,1,12344,266,lucene,,1324,8135.7383,1863,12611,Lucene-Solr-Tests-master
2016/08/06 21:49:23,1,12348,262,lucene,,1323,7815.576,1863,12611,Lucene-Solr-Tests-master
2016/08/06 19:09:10,1,12346,264,lucene,,1322,8438.227,1863,12611,Lucene-Solr-Tests-master
2016/08/06 15:35:46,0,12350,261,lucene,,1321,7888.3706,1863,12611,Lucene-Solr-Tests-master
2016/08/06 08:21:52,1,12326,284,lucene,,1320,8660.499,1863,12611,Lucene-Solr-Tests-master
2016/08/06 01:47:42,2,12343,266,lucene,,1319,7969.578,1863,12611,Lucene-Solr-Tests-master
2016/08/05 22:26:21,3,10570,2041,lucene,,1318,4958.671,1863,12614,Lucene-Solr-Tests-master
2016/08/05 09:15:32,0,12350,261,lucene,,1317,8888.703,1863,12611,Lucene-Solr-Tests-master
2016/08/05 00:34:11,2,12345,265,lucene,,1316,8373.296,1863,12612,Lucene-Solr-Tests-master
2016/08/04 22:10:02,0,12349,262,lucene,,1315,8518.582,1863,12611,Lucene-Solr-Tests-master
2015/09/08 20:35:27,1,10093,168,lucene,,377,8577.404,1586,10262,Lucene-Solr-Tests-master
2016/09/01 17:52:53,0,,0,H10,,1050,,150,881,Sqoop2
2016/08/30 17:56:47,0,,0,ubuntu-4,,1049,,150,881,Sqoop2
2016/07/09 01:23:18,0,,0,jenkins-test-fb3,,1048,,150,881,Sqoop2
2016/05/27 08:59:14,0,,0,ubuntu-2,,1047,,150,881,Sqoop2
2016/05/25 04:52:36,0,,0,ubuntu-1,,1046,,150,879,Sqoop2
2016/05/25 00:53:34,0,,0,ubuntu3,,1045,,150,879,Sqoop2
2016/05/18 22:52:28,0,,0,H10,,1044,,149,863,Sqoop2
2016/05/18 21:52:27,0,,0,H10,,1043,,149,863,Sqoop2
2016/04/18 23:52:35,0,,0,jenkins-test-9ca,,1042,,149,863,Sqoop2
2016/04/14 21:00:08,0,,0,ubuntu-5,,1041,,149,863,Sqoop2
2016/09/12 01:15:17,0,1020,1,H9,,3075,4320.2847,165,1021,ZooKeeper-trunk
2016/09/11 01:15:00,0,1020,1,H9,,3074,4577.205,165,1021,ZooKeeper-trunk
2016/09/10 01:15:00,1,1007,1,H9,,3073,5404.4736,165,1009,ZooKeeper-trunk
2016/09/09 01:15:02,0,1020,1,H6,,3072,3197.636,165,1021,ZooKeeper-trunk
2016/09/09 00:20:11,0,1020,1,H5,,3071,4483.2397,165,1021,ZooKeeper-trunk
2016/09/08 23:15:09,1,1019,1,H7,,3070,3236.2627,165,1021,ZooKeeper-trunk
2016/09/08 17:15:11,1,1003,1,H9,,3069,4570.5205,164,1005,ZooKeeper-trunk
2016/09/08 06:15:11,0,1015,1,H3,,3068,3090.63,164,1016,ZooKeeper-trunk
2016/09/08 05:15:10,0,1015,1,H6,,3067,3052.8088,164,1016,ZooKeeper-trunk
2016/09/08 01:15:03,0,1015,1,H3,,3066,3160.753,164,1016,ZooKeeper-trunk
2016/09/08 00:15:11,0,1015,1,H9,,3065,4441.507,164,1016,ZooKeeper-trunk
2016/09/06 01:15:21,2,1002,1,H9,,3063,5112.869,164,1005,ZooKeeper-trunk
2016/09/05 01:15:24,2,1008,1,H9,,3062,5649.921,164,1011,ZooKeeper-trunk
2016/09/04 01:15:23,2,1013,1,H9,,3061,5654.2393,164,1016,ZooKeeper-trunk
2016/09/03 01:15:20,0,1015,1,H9,,3060,5437.067,164,1016,ZooKeeper-trunk
2016/09/02 01:15:17,0,1015,1,H5,,3059,4537.0913,164,1016,ZooKeeper-trunk
2016/09/01 01:15:18,2,909,1,H9,,3058,4146.817,164,912,ZooKeeper-trunk
2016/08/31 01:15:25,0,1015,1,H9,,3057,4585.6084,164,1016,ZooKeeper-trunk
2016/08/30 01:20:39,0,1015,1,H7,,3056,3171.1914,164,1016,ZooKeeper-trunk
2016/08/29 01:15:17,0,1015,1,H9,,3055,4690.306,164,1016,ZooKeeper-trunk
2016/08/28 01:15:09,0,1015,1,H9,,3054,4418.28,164,1016,ZooKeeper-trunk
2016/08/27 01:15:08,0,1015,1,H7,,3053,3071.1875,164,1016,ZooKeeper-trunk
2016/08/26 01:15:08,0,1015,1,H7,,3052,3101.6047,164,1016,ZooKeeper-trunk
2016/08/25 03:15:16,1,1014,1,H7,,3051,3153.358,164,1016,ZooKeeper-trunk
2016/08/25 01:15:08,0,1015,1,H7,,3050,3056.5303,164,1016,ZooKeeper-trunk
2016/08/24 21:15:19,1,1014,1,H7,,3049,3137.7324,164,1016,ZooKeeper-trunk
2016/08/24 02:15:19,0,1015,1,H7,,3048,3101.212,164,1016,ZooKeeper-trunk
2016/08/24 01:15:20,8,1007,1,H6,,3047,3150.5813,164,1016,ZooKeeper-trunk
2016/08/24 01:15:10,0,1015,1,H7,,3046,3158.253,164,1016,ZooKeeper-trunk
2016/08/23 01:15:11,1,1010,1,H9,,3045,4301.5337,164,1012,ZooKeeper-trunk
2016/08/22 01:15:22,0,1015,1,H9,,3044,4674.6025,164,1016,ZooKeeper-trunk
2016/08/21 01:15:00,0,1015,1,H9,,3043,4606.2437,164,1016,ZooKeeper-trunk
2016/08/20 01:15:00,1,1014,1,H9,,3042,4930.03,164,1016,ZooKeeper-trunk
2016/08/19 01:15:13,2,1013,1,H9,,3041,5186.1553,164,1016,ZooKeeper-trunk
2016/08/18 01:15:10,0,1015,1,H5,,3040,4537.487,164,1016,ZooKeeper-trunk
2016/08/17 01:15:09,1,1014,1,H7,,3039,3132.081,164,1016,ZooKeeper-trunk
2016/08/16 01:15:13,0,1015,1,H7,,3038,3117.8865,164,1016,ZooKeeper-trunk
2016/08/15 01:15:09,0,1015,1,H9,,3037,4244.0454,164,1016,ZooKeeper-trunk
2016/08/14 01:15:00,0,1015,1,H3,,3036,3147.718,164,1016,ZooKeeper-trunk
2016/08/13 15:15:08,0,1015,1,H9,,3035,4399.6074,164,1016,ZooKeeper-trunk
2016/08/13 01:15:00,0,1013,1,H7,,3034,3080.084,163,1014,ZooKeeper-trunk
2016/08/12 01:15:26,0,1013,1,H7,,3033,3147.2017,163,1014,ZooKeeper-trunk
2016/08/11 01:29:10,0,1013,1,H5,,3032,4556.0273,163,1014,ZooKeeper-trunk
2016/08/10 23:15:36,0,1013,1,H7,,3031,3075.5784,163,1014,ZooKeeper-trunk
2016/08/10 20:15:35,0,1013,1,H7,,3030,3082.5256,163,1014,ZooKeeper-trunk
2016/08/10 01:15:26,0,1012,1,H7,,3029,3056.148,163,1013,ZooKeeper-trunk
2016/08/09 01:37:36,0,1012,1,H7,,3028,3210.3406,163,1013,ZooKeeper-trunk
2016/08/08 01:15:27,0,1012,1,H9,,3027,4378.4907,163,1013,ZooKeeper-trunk
2016/08/07 01:15:17,1,1011,1,H9,,3026,4446.1294,163,1013,ZooKeeper-trunk
2016/08/06 01:15:21,0,1012,1,H9,,3025,4720.1924,163,1013,ZooKeeper-trunk
2016/08/05 23:15:26,0,1012,1,H7,,3024,3154.2627,163,1013,ZooKeeper-trunk
2016/08/05 12:18:35,0,1012,1,H9,,3023,4622.694,163,1013,ZooKeeper-trunk
2016/08/05 01:15:17,0,1012,1,H7,,3022,3101.3972,163,1013,ZooKeeper-trunk
2016/08/04 01:27:13,0,1012,1,H6,,3021,3136.465,163,1013,ZooKeeper-trunk
2016/08/03 21:24:22,0,1012,1,H6,,3020,3057.8174,163,1013,ZooKeeper-trunk
2016/08/03 01:15:17,0,1012,1,H9,,3019,4807.033,163,1013,ZooKeeper-trunk
2016/08/02 01:20:26,0,1012,1,H5,,3018,4557.389,163,1013,ZooKeeper-trunk
2016/08/01 01:15:17,0,1012,1,H9,,3017,4332.86,163,1013,ZooKeeper-trunk
2016/07/31 01:15:09,0,1012,1,H9,,3016,4616.883,163,1013,ZooKeeper-trunk
2016/07/30 01:15:21,0,1012,1,H7,,3015,3082.5002,163,1013,ZooKeeper-trunk
2016/07/30 01:15:09,0,1012,1,H9,,3014,4420.213,163,1013,ZooKeeper-trunk
2016/07/30 00:15:21,0,1012,1,H9,,3013,4443.2974,163,1013,ZooKeeper-trunk
